Workbook

Sheet participantes
B1: =COUNTA(A4:A1001)&" Participantes" -> 0 Participantes
A2: NOME | B2: Mensagens
A3: =IFERROR(__xludf.DUMMYFUNCTION("unique(dadosbrutos!B:B,false,false)"),"author.name") -> author.name
B4: =COUNTIF(mensagens!A1:D5000,A4) -> 0
B5: =COUNTIF(mensagens!A2:D5001,A5) -> 0
B6: =COUNTIF(mensagens!A3:D5002,A6) -> 0
B7: =COUNTIF(mensagens!A4:D5003,A7) -> 0
B8: =COUNTIF(mensagens!A5:D5004,A8) -> 0
B9: =COUNTIF(mensagens!A6:D5005,A9) -> 0
B10: =COUNTIF(mensagens!A7:D5006,A10) -> 0
B11: =COUNTIF(mensagens!A8:D5007,A11) -> 0
B12: =COUNTIF(mensagens!A9:D5008,A12) -> 0
B13: =COUNTIF(mensagens!A10:D5009,A13) -> 0
B14: =COUNTIF(mensagens!A11:D5010,A14) -> 0
B15: =COUNTIF(mensagens!A12:D5011,A15) -> 0
... B1000: =COUNTIF(mensagens!A997:D5996,A1000) -> 0

Sheet mensagens
A1: DATA | C1: NOME | D1: MENSAGEM
A2: =((((LEFT(dadosbrutos!D2,10)-10800)/60)/60)/24)+DATE(1970,1,1) -> 25568.875 | B2: =image(RIGHT(left(dadosbrutos!E2,search("height",dadosbrutos!E2)-7),search("height",dadosbrutos!E2)-33),4,24,24) -> #VALUE! | C2: =dadosbrutos!B2 | D2: =dadosbrutos!C2
A3: =((((LEFT(dadosbrutos!D3,10)-10800)/60)/60)/24)+DATE(1970,1,1) -> 25568.875 | B3: =image(RIGHT(left(dadosbrutos!E3,search("height",dadosbrutos!E3)-7),search("height",dadosbrutos!E3)-33),4,24,24) -> #VALUE! | C3: =dadosbrutos!B3 | D3: =dadosbrutos!C3
A4: =((((LEFT(dadosbrutos!D4,10)-10800)/60)/60)/24)+DATE(1970,1,1) -> 25568.875 | B4: =image(RIGHT(left(dadosbrutos!E4,search("height",dadosbrutos!E4)-7),search("height",dadosbrutos!E4)-33),4,24,24) -> #VALUE! | C4: =dadosbrutos!B4 | D4: =dadosbrutos!C4
A5: =((((LEFT(dadosbrutos!D5,10)-10800)/60)/60)/24)+DATE(1970,1,1) -> 25568.875 | B5: =image(RIGHT(left(dadosbrutos!E5,search("height",dadosbrutos!E5)-7),search("height",dadosbrutos!E5)-33),4,24,24) -> #VALUE! | C5: =dadosbrutos!B5 | D5: =dadosbrutos!C5
A6: =((((LEFT(dadosbrutos!D6,10)-10800)/60)/60)/24)+DATE(1970,1,1) -> 25568.875 | B6: =image(RIGHT(left(dadosbrutos!E6,search("height",dadosbrutos!E6)-7),search("height",dadosbrutos!E6)-33),4,24,24) -> #VALUE! | C6: =dadosbrutos!B6 | D6: =dadosbrutos!C6
A7: =((((LEFT(dadosbrutos!D7,10)-10800)/60)/60)/24)+DATE(1970,1,1) -> 25568.875 | B7: =image(RIGHT(left(dadosbrutos!E7,search("height",dadosbrutos!E7)-7),search("height",dadosbrutos!E7)-33),4,24,24) -> #VALUE! | C7: =dadosbrutos!B7 | D7: =dadosbrutos!C7
A8: =((((LEFT(dadosbrutos!D8,10)-10800)/60)/60)/24)+DATE(1970,1,1) -> 25568.875 | B8: =image(RIGHT(left(dadosbrutos!E8,search("height",dadosbrutos!E8)-7),search("height",dadosbrutos!E8)-33),4,24,24) -> #VALUE! | C8: =dadosbrutos!B8 | D8: =dadosbrutos!C8
A9: =((((LEFT(dadosbrutos!D9,10)-10800)/60)/60)/24)+DATE(1970,1,1) -> 25568.875 | B9: =image(RIGHT(left(dadosbrutos!E9,search("height",dadosbrutos!E9)-7),search("height",dadosbrutos!E9)-33),4,24,24) -> #VALUE! | C9: =dadosbrutos!B9 | D9: =dadosbrutos!C9
A10: =((((LEFT(dadosbrutos!D10,10)-10800)/60)/60)/24)+DATE(1970,1,1) -> 25568.875 | B10: =image(RIGHT(left(dadosbrutos!E10,search("height",dadosbrutos!E10)-7),search("height",dadosbrutos!E10)-33),4,24,24) -> #VALUE! | C10: =dadosbrutos!B10 | D10: =dadosbrutos!C10
A11: =((((LEFT(dadosbrutos!D11,10)-10800)/60)/60)/24)+DATE(1970,1,1) -> 25568.875 | B11: =image(RIGHT(left(dadosbrutos!E11,search("height",dadosbrutos!E11)-7),search("height",dadosbrutos!E11)-33),4,24,24) -> #VALUE! | C11: =dadosbrutos!B11 | D11: =dadosbrutos!C11
A12: =((((LEFT(dadosbrutos!D12,10)-10800)/60)/60)/24)+DATE(1970,1,1) -> 25568.875 | B12: =image(RIGHT(left(dadosbrutos!E12,search("height",dadosbrutos!E12)-7),search("height",dadosbrutos!E12)-33),4,24,24) -> #VALUE! | C12: =dadosbrutos!B12 | D12: =dadosbrutos!C12
A13: =((((LEFT(dadosbrutos!D13,10)-10800)/60)/60)/24)+DATE(1970,1,1) -> 25568.875 | B13: =image(RIGHT(left(dadosbrutos!E13,search("height",dadosbrutos!E13)-7),search("height",dadosbrutos!E13)-33),4,24,24) -> #VALUE! | C13: =dadosbrutos!B13 | D13: =dadosbrutos!C13
... A5000: =((((LEFT(dadosbrutos!D5000,10)-10800)/60)/60)/24)+DATE(1970,1,1) -> 25568.875 | B5000: =image(RIGHT(left(dadosbrutos!E5000,search("height",dadosbrutos!E5000)-7),search("height",dadosbrutos!E5000)-33),4,24,24) -> #VALUE! | C5000: =dadosbrutos!B5000 | D5000: =dadosbrutos!C5000

Sheet dadosbrutos
A1: author.id | B1: author.name | C1: message | D1: timestamp | E1: author.images
